TARGETID,TILEID,FIBER,batch,hdbscan_cluster,Z_LYA,PROB
39628460167006696,10011,549,0001,88,2.034142017364502,0.9999995231628418
39627819138947876,9221,4753,0001,88,2.4292330741882324,0.7033923864364624
39628527720467176,3747,2910,0001,88,2.077670097351074,0.5399395823478699
39627849027555593,10503,4293,0001,88,2.6211607456207275,0.9634307622909546
39628317090910037,7838,4069,0001,12,2.2695982456207275,0.7762397527694702
39628495508212103,11358,2640,0001,115,2.284123420715332,0.9999821186065674
39627977893348731,2038,4903,0001,31,2.639634132385254,0.9999969005584717
39627806937713495,7518,975,0001,27,2.3302838802337646,0.9997734427452087
39633030335169571,9574,2374,0001,71,2.2095706462860107,0.9996683597564697
39627708497396722,10356,925,0001,122,2.6172125339508057,0.9965763688087463
39627539185930598,102745,1298,0002,n/a,2.413391351699829,0.9999593496322632
39627739690439749,8372,1440,0002,n/a,2.1297531127929688,0.999686598777771
39627847735710177,5671,832,0002,n/a,2.7458224296569824,0.7889410853385925
39628076258165872,11467,3858,0002,n/a,1.9793791770935059,0.6004909873008728
39627694916241662,11058,3724,0002,n/a,2.270914316177368,0.7850732803344727
39627911665289159,6741,4618,0002,n/a,2.1779356002807617,0.9999998807907104
39627865393729787,10193,2019,0002,n/a,2.307861566543579,0.9997500777244568
39627624271581596,11926,3410,0002,n/a,2.1033828258514404,0.9999996423721313
39627861455282220,4553,427,0002,n/a,2.307203531265259,0.9999986886978149
39628371218402141,3370,3042,0002,n/a,2.674560070037842,0.9982518553733826
39627588460612454,2557,799,0003,n/a,2.3883371353149414,0.592965304851532
39627855142850989,7522,682,0003,n/a,2.855958938598633,0.941314160823822
39627689123908675,2507,4553,0003,n/a,2.0862252712249756,0.997083842754364
39627749324754929,4816,3055,0003,n/a,3.003042697906494,0.9999551773071289
39627743289147914,4816,3452,0003,n/a,2.9416987895965576,0.9999992847442627
39627802512719954,4991,1349,0003,n/a,2.369863510131836,0.9982409477233887
39633098970761409,102351,4998,0003,n/a,2.2946527004241943,1.0
39627773454583970,102058,356,0003,n/a,2.280174970626831,0.901970386505127
39628172286755668,11649,2977,0003,n/a,3.280052661895752,1.0
39627645675113748,10911,731,0003,n/a,2.3276515007019043,0.9999446868896484
39627960084336213,11088,4591,0003,n/a,2.262359380722046,0.9096406698226929
39632951306093352,2196,4568,0003,n/a,2.2669661045074463,0.9995026588439941
39627667254805581,11497,4568,0003,n/a,2.1324331760406494,0.7719644904136658
39627981026492956,11455,4882,0003,n/a,2.7833805084228516,0.9815488457679749
39627733923267726,10492,3024,0004,n/a,2.8031699657440186,0.9994864463806152
39627890349834609,3026,743,0004,n/a,2.4358139038085938,0.9997195601463318
39627697751591011,5781,903,0004,n/a,2.5162887573242188,0.9995236396789551
39628472582145314,1308,4374,0004,n/a,2.9067258834838867,0.9999914169311523
39632991059710286,9969,4934,0004,n/a,2.563107490539551,0.9997761845588684
39628388972891607,102675,3158,0004,n/a,2.2854394912719727,0.9992677569389343
39628195137326793,1078,1630,0004,n/a,2.4997894763946533,0.9999792575836182
39628258999797621,9825,21,0004,n/a,2.008429765701294,0.9985546469688416
39627921597399275,9243,3016,0004,n/a,2.971359968185425,0.9984042048454285
39627762687805122,7253,1550,0004,n/a,2.423262357711792,0.8505654335021973
39627829125583686,10192,4569,0004,n/a,2.600713014602661,0.576165497303009
39627823089975772,10192,4955,0004,n/a,3.2497334480285645,0.5976381301879883
39633025352336138,8452,1032,0004,n/a,2.6792142391204834,0.5297383069992065
39627467798873245,4321,4803,0004,n/a,2.2478342056274414,0.9994781613349915
39627814059646396,3393,1304,0004,n/a,2.6053194999694824,0.9410319328308105
39628470912816487,1232,3103,0004,n/a,2.1363816261291504,0.9970788955688477
39627751270912091,10858,4837,0005,n/a,2.6798720359802246,0.9999098777770996
39627709592109891,3157,2982,0005,n/a,2.1561713218688965,0.9999346733093262
39627660489395164,4122,3592,0005,n/a,2.117907762527466,0.8259790539741516
39627956976354872,5233,519,0005,n/a,2.073063850402832,0.869131326675415
39627956246544973,7746,3259,0005,n/a,2.956223964691162,0.7427325248718262
39628303706882384,2281,3645,0005,n/a,3.024806499481201,0.9345192909240723
39627812306420149,8370,2179,0005,n/a,2.1133012771606445,0.8464464545249939
39627823702343896,4638,57,0005,n/a,2.8282723426818848,0.9983547329902649
39627715141176005,1273,84,0005,n/a,2.1192240715026855,0.9988297820091248
39632940954551435,6870,921,0005,n/a,2.340812921524048,0.9550673961639404
39628134433164947,9311,4726,0005,n/a,1.9965367317199707,0.9999287128448486
39628272924889856,9264,1525,0005,n/a,2.090879440307617,0.9999208450317383
39632976325118027,6860,880,0006,n/a,2.1660425662994385,0.9523397088050842
39632986248839521,6860,945,0006,n/a,2.3085198402404785,0.9999908208847046
39627727518564923,4720,524,0006,n/a,2.9845688343048096,0.7857983708381653
39627721780757677,8927,765,0006,n/a,2.4166817665100098,0.9999842643737793
39633000777909062,10001,4216,0006,n/a,2.4978153705596924,0.9997542500495911
39627615513871069,3424,1399,0006,n/a,2.7669286727905273,0.7035348415374756
39633066779477651,3532,3469,0006,n/a,2.2893879413604736,0.9999864101409912
39627661097566689,1578,3484,0006,n/a,2.8276140689849854,0.9920361638069153
39632951817798555,6450,4619,0006,n/a,2.1231722831726074,0.999920129776001
39627908871884650,1118,937,0006,n/a,2.2352828979492188,0.9791192412376404
39627909127736985,5803,1574,0006,n/a,2.3283095359802246,0.9501979947090149
39627670018853178,3103,3064,0006,n/a,2.0552480220794678,0.9999953508377075
39627468235083088,8698,4425,0006,n/a,2.2557311058044434,0.9911681413650513
39632971883349729,387,1884,0006,n/a,3.1197595596313477,0.7904647588729858
39627932473230643,4582,1023,0007,n/a,2.2788586616516113,0.5274149775505066
39633182710039678,6668,2578,0007,n/a,2.117907762527466,0.9999990463256836
39627823496823337,3,4678,0007,n/a,2.175961494445801,0.9997783303260803
39627970939192413,11183,1261,0007,n/a,2.020275115966797,0.9996874332427979
39627890668601672,3676,752,0007,n/a,2.34678316116333,0.9283543229103088
39627830790718031,8916,712,0007,n/a,3.508927345275879,0.9982648491859436
39633239379283975,9968,954,0007,n/a,2.4595515727996826,0.9955892562866211
39627951712505870,10797,4101,0007,n/a,2.264333486557007,0.9909701347351074
39627758040520444,10493,587,0008,n/a,2.3283095359802246,0.9988763928413391
39627762775887274,2531,4709,0008,n/a,2.061828851699829,0.9990693926811218
39628523547138067,6588,4990,0008,n/a,2.2926783561706543,0.9998169541358948
39628080829956691,5514,3495,0008,n/a,3.377685070037842,0.9981116056442261
39627648153948274,11950,4480,0008,n/a,1.9998269081115723,0.9984645843505859
39627738964822052,11911,818,0008,n/a,2.4245786666870117,0.8949524164199829
39627565182222939,3148,695,0008,n/a,3.1033077239990234,0.9999997615814209
39628004351020740,1457,409,0008,n/a,2.686452865600586,0.9999982118606567
39628035116241027,2782,567,0008,n/a,2.2484922409057617,0.9070863723754883
39627890580521614,11474,1406,0008,n/a,2.543975830078125,0.999947190284729
39628365182800309,11625,4324,0008,n/a,2.145594596862793,0.9999980926513672
39627793599824649,4418,3019,0008,n/a,2.770219087600708,0.9999998807907104
39627871420941041,7107,3266,0009,n/a,2.202331781387329,0.9999669790267944
39627764260673512,250,4563,0009,n/a,2.087541341781616,0.9918831586837769
39627708551921749,7226,2786,0009,n/a,2.0664353370666504,0.9193023443222046
39633522834538783,10108,833,0009,n/a,2.4569196701049805,0.9756611585617065
39628033778258083,4086,2576,0009,n/a,2.637660026550293,0.9998173117637634
39632996185146428,3758,2815,0009,n/a,2.268281936645508,0.9979941844940186
39628446275469561,11635,4012,0009,n/a,2.576974630355835,0.9927311539649963
39627863518872033,3605,2453,0009,n/a,2.2352828979492188,0.9226731061935425
39628512369315439,3772,3296,0009,n/a,2.7972471714019775,0.9211911559104919
39627933798635641,7673,3454,0009,n/a,2.2029898166656494,0.8661186695098877
39632931441870335,11115,4401,0009,n/a,2.536079168319702,0.9997884631156921
39628394370960246,5518,3472,0009,n/a,2.1033828258514404,0.9912477135658264
39627691686630861,7368,742,0009,n/a,2.540027379989624,0.856137216091156
39627613018260284,6280,2478,0009,n/a,2.706242322921753,0.5591913461685181
39627654265049186,7252,3378,0009,n/a,2.011061906814575,0.9999412298202515
39628005370233764,5928,4049,0009,n/a,2.4417362213134766,0.6224285364151001
39628008012647746,11084,4706,0010,n/a,2.227386236190796,0.9999624490737915
39628517872241826,9573,824,0010,n/a,2.3283095359802246,0.7232493758201599
39627745696678288,6273,3067,0010,n/a,2.3454668521881104,0.9999340772628784
39628528076985867,2832,4992,0010,n/a,3.3697409629821777,0.9891078472137451
39627835207324904,101418,2724,0010,n/a,2.8750905990600586,0.9999910593032837
39632949901004456,100909,4849,0010,n/a,2.227386236190796,0.9802010655403137
39628522737633281,3759,566,0010,n/a,2.3520476818084717,0.9600761532783508
39627785899083350,1315,4371,0010,n/a,2.3645987510681152,0.9999966621398926
39633117232762787,6683,4905,0010,n/a,2.619844675064087,0.9997629523277283
39627757566558885,1591,816,0010,n/a,2.434497594833374,0.9892323017120361
39628162828600483,2385,4524,0010,n/a,1.9978528022766113,0.9999997615814209
39627951662170750,4571,1680,0010,n/a,2.3131260871887207,0.999277651309967
39628391187483513,11279,4597,0010,n/a,2.040064573287964,0.9984166622161865
39627930162169502,1690,4030,0011,n/a,2.1297531127929688,0.9958425164222717
39627824071446529,3697,2182,0011,n/a,2.579606771469116,1.0
39628016069906948,6185,411,0011,n/a,2.7464802265167236,0.9958707690238953
39627933618274744,10601,870,0011,n/a,2.6719276905059814,0.7420634031295776
39628015843414109,102786,4020,0011,n/a,2.5373950004577637,0.9833990335464478
39628517998069489,11115,667,0011,n/a,2.4160237312316895,0.987504780292511
39627645687694263,10911,138,0011,n/a,2.3559961318969727,0.7346857190132141
39628133661413916,2382,3572,0011,n/a,2.5261600017547607,0.9999997615814209
39627775946003714,2143,812,0011,n/a,2.451655149459839,0.9995811581611633
39632986584386667,6465,1358,0011,n/a,2.702294111251831,0.9999221563339233
39627872251418689,3026,19,0011,n/a,2.4806578159332275,0.9950396418571472
39632971900126240,8017,1439,0011,n/a,2.4338395595550537,0.9961528182029724
39628512205734107,2181,809,0011,n/a,2.4272589683532715,0.997480571269989
39628206742962750,1078,3615,0011,n/a,2.221463680267334,0.9969655871391296
39627640776166544,2445,1806,0011,n/a,2.7108490467071533,0.9999920129776001
39632961884130299,384,1297,0011,n/a,2.839459180831909,0.9994045495986938
39628494103119617,6497,1033,0011,n/a,2.4351553916931152,1.0
39632936105935169,2196,303,0011,n/a,2.710191011428833,0.9999998807907104
39632996155787818,5292,869,0011,n/a,2.1640684604644775,0.9529501795768738
39627871995560874,3050,910,0012,n/a,2.7049264907836914,0.9999902248382568
39628263064078717,1427,3861,0012,n/a,2.1363816261291504,0.9999983310699463
39627890827988874,5245,564,0012,n/a,3.049860954284668,0.822679340839386
39627734086848420,100082,1862,0012,n/a,2.5512146949768066,0.7018114328384399
39627788143037208,11484,4886,0012,n/a,2.3256773948669434,0.8544352054595947
39628405238399801,102684,4992,0012,n/a,2.193071126937866,0.9982874989509583
39627673537871919,5808,2033,0012,n/a,2.1753032207489014,0.970058023929596
39627791079055544,2750,3124,0012,n/a,2.1251466274261475,0.9998388290405273
39627897442406748,9030,4210,0012,n/a,2.270256280899048,0.9999550580978394
39627905621296610,3610,2564,0012,n/a,2.4859228134155273,0.551484227180481
39627733860352628,5819,2106,0012,n/a,2.210228681564331,0.9999971389770508
39627594613656224,8814,1728,0012,n/a,2.4615261554718018,0.9980577826499939
39628289781794118,10738,2747,0012,n/a,2.270914316177368,0.9999996423721313
39628301035112999,10738,2793,0012,n/a,2.617870330810547,0.9999144077301025
39627763304366245,2578,3753,0012,n/a,2.4800000190734863,0.9146225452423096
39632981375059480,3758,903,0012,n/a,3.375710964202881,0.9995126724243164
39628407117448011,4386,290,0012,n/a,2.3302838802337646,0.8427441716194153
39633095242025743,9443,2770,0012,n/a,2.412733554840088,0.681422770023346
39628528148285344,1243,1711,0013,n/a,2.0367743968963623,0.9932799935340881
39627812419667552,8922,2121,0013,n/a,2.4859228134155273,0.996702253818512
39628078577615887,2227,4764,0013,n/a,2.844724178314209,0.9999992847442627
39628034529034425,8327,2233,0013,n/a,2.4826323986053467,0.8171918392181396
39627351427909630,9107,4695,0013,n/a,2.358628273010254,0.9990147352218628
39627685625859353,5807,548,0013,n/a,2.543975830078125,0.9469612836837769
39628364872421243,101186,2526,0013,n/a,1.9860076904296875,0.9975027441978455
39627883420849574,10236,352,0013,n/a,2.2669661045074463,0.9999651908874512
39627787157376402,2519,3752,0013,n/a,2.2056221961975098,0.9995198249816895
39627824247603969,5246,2201,0013,n/a,2.350731611251831,0.9999996423721313
39627824050474954,55,3466,0013,n/a,2.1779356002807617,0.9999796152114868
39627887950694022,6405,2722,0013,n/a,2.1290950775146484,0.5657094717025757
39633082617168090,1899,670,0013,n/a,2.8572747707366943,0.9944303631782532
39628133686576879,10206,3995,0013,n/a,2.4688127040863037,0.999984622001648
39633015390864035,6869,1666,0013,n/a,2.2108867168426514,0.9999992847442627
39628025469339139,100963,4940,0013,n/a,2.4377880096435547,0.9989983439445496
39627902408461500,3026,3977,0013,n/a,2.4245786666870117,0.9267714619636536
39627859651728114,2514,2897,0013,n/a,2.085566997528076,0.9283774495124817
39627758141180630,10491,1247,0013,n/a,2.1442782878875732,0.999993085861206
39627738616693799,2532,2595,0013,n/a,2.2617013454437256,0.9999918937683105
39633000941487198,8418,2360,0013,n/a,2.4721031188964844,0.9999997615814209
39627775023255964,7225,3071,0013,n/a,2.166700601577759,0.9462151527404785
39627830895576181,2670,4362,0013,n/a,2.274862766265869,0.9999977350234985
39628374724839161,1916,3875,0013,n/a,2.286097526550293,0.9949104189872742
39628076656625747,1208,2374,0014,n/a,2.545950412750244,0.8256430625915527
39633225340947888,1894,4520,0014,n/a,2.4456849098205566,0.6942655444145203
39628172840403171,5133,4488,0014,n/a,2.1198818683624268,0.698011577129364
39627800478487287,245,2304,0014,n/a,2.619844675064087,0.9998892545700073
39632976388030584,190,1939,0014,n/a,1.985349416732788,0.9470112919807434
39628527397504337,5692,257,0014,n/a,2.1409881114959717,0.9999978542327881
39627902920166282,136,1343,0014,n/a,2.0004851818084717,0.881293773651123
39627775367187103,10859,4553,0014,n/a,2.1799097061157227,0.9554857611656189
39628317720052904,9156,4740,0014,n/a,1.985349416732788,0.9986026883125305
39627775744675608,448,4454,0014,n/a,2.500447988510132,0.9999935626983643
39627769507744597,1273,3009,0014,n/a,2.4279167652130127,0.9984350800514221
39627799039839053,11763,4721,0014,n/a,2.2181732654571533,0.9840455055236816
39627897043945635,10496,4693,0014,n/a,2.24125337600708,0.9998026490211487
39627857642658014,3284,4925,0014,n/a,2.352705717086792,0.9378705620765686
39627958872179449,1848,3019,0014,n/a,2.015010356903076,0.9999380111694336
39633539330736221,8571,3672,0015,n/a,2.2834651470184326,0.993410050868988
39628394270297971,4710,4147,0015,n/a,2.1073312759399414,0.9990058541297913
39627776352848874,246,3524,0015,n/a,2.1799097061157227,0.9999958276748657
39627835538671047,7200,23,0015,n/a,2.303913116455078,0.9999980926513672
39627751614841987,4730,785,0015,n/a,2.5940842628479004,0.9993257522583008
39627788663133167,7360,4726,0015,n/a,2.3217287063598633,0.9999995231628418
39627757629473517,10847,4646,0015,n/a,2.4767096042633057,0.9814797043800354
39627939364474917,9040,826,0015,n/a,2.303913116455078,0.9645473957061768
39633179505592081,11156,4068,0015,n/a,2.8572747707366943,0.9999985694885254
39628102313183766,11619,4481,0015,n/a,2.56376576423645,0.999559223651886
39628122118687525,8621,4847,0015,n/a,2.016326665878296,0.9998984336853027
39627690453500160,4092,4083,0015,n/a,2.758983850479126,0.9999998807907104
39632986525667060,11144,4643,0015,n/a,2.5861873626708984,0.9759833216667175
39627646333617574,10516,4911,0015,n/a,2.0954856872558594,0.8651793003082275
39627568244068250,100125,3046,0015,n/a,2.13374924659729,0.9185682535171509
39627579895840950,7782,3219,0015,n/a,2.5512146949768066,0.9906345009803772
39627721533294149,4717,893,0016,n/a,2.051957845687866,0.5306293964385986
39627660808165288,4408,655,0016,n/a,2.3223869800567627,0.9948635697364807
39627863246247229,6945,3160,0016,n/a,2.2563889026641846,0.9991316199302673
39627690415756453,5652,411,0016,n/a,3.046570301055908,0.9999911785125732
39627718156879861,9360,4258,0016,n/a,2.6620566844940186,0.9999985694885254
39628057463490754,5668,1823,0016,n/a,2.032167673110962,0.998976469039917
39628428160273054,3762,3963,0016,n/a,2.016984701156616,0.9843769073486328
39627817234729605,102791,4950,0016,n/a,2.1779356002807617,0.9957855343818665
39627830899775772,100087,3252,0016,n/a,2.127779006958008,0.8335255980491638
39627817930986078,30,2216,0016,n/a,3.129678249359131,1.0
39628346815939469,7502,3416,0016,n/a,2.507028579711914,0.9953376054763794
39633131258514471,7893,3573,0016,n/a,2.264333486557007,0.999745786190033
39627914097988470,11921,2558,0017,n/a,2.231334686279297,0.9982469081878662
39627835685473991,11944,2151,0017,n/a,2.6172125339508057,0.7020334005355835
39627646329425984,4308,816,0017,n/a,2.0895631313323975,0.535781979560852
39627636959347987,10836,4962,0017,n/a,2.5274760723114014,0.9978306889533997
39627833265360175,5173,4864,0017,n/a,2.6890852451324463,0.6791795492172241
39628481453100455,7507,3425,0017,n/a,3.3011584281921387,0.9156909584999084
39633010856824027,10020,2468,0017,n/a,2.7675864696502686,0.9999686479568481
39628033514015500,3945,4413,0017,n/a,3.0637283325195312,0.9999996423721313
39633414332088936,9328,4860,0017,n/a,2.8539843559265137,0.7499892711639404
39627485616280821,11865,1438,0017,n/a,2.0334839820861816,0.9999979734420776
39628486985388009,6489,2,0017,n/a,2.096801996231079,1.0
39628486695978092,7507,3558,0017,n/a,2.645556926727295,0.9954082369804382
39628526449595567,11536,4570,0017,n/a,2.073063850402832,0.975712239742279
39627763275011043,5680,4992,0017,n/a,2.469470977783203,0.9999959468841553
39627740093087907,5783,772,0017,n/a,2.3599445819854736,0.9999996423721313
39627752256574778,8915,4987,0018,n/a,2.0565640926361084,0.999808132648468
39632931680946291,1912,4542,0018,n/a,2.658766269683838,0.9999134540557861
39627702998666784,2839,957,0018,n/a,2.425236701965332,0.5694597363471985
39627702986084588,2839,967,0018,n/a,2.475393295288086,0.9993674159049988
39627878698061303,5242,3300,0018,n/a,2.77416729927063,0.9999940395355225
39628033505627746,101311,2467,0018,n/a,2.3223869800567627,0.9999972581863403
39627889787799390,5666,4722,0018,n/a,2.729323148727417,0.9997403025627136
39627833319904600,2047,484,0018,n/a,2.8229596614837646,0.9999206066131592
39627636959349722,4413,4749,0018,n/a,3.0393319129943848,0.9999984502792358
39627841750434589,8808,494,0018,n/a,2.293994426727295,0.6821473240852356
39627799815783715,445,2107,0019,n/a,2.66666316986084,0.9999982118606567
39627766353631324,4139,4754,0019,n/a,2.2352828979492188,0.8177063465118408
39628210991794875,2771,4399,0019,n/a,2.8183529376983643,0.9996353387832642
39627785018279666,7430,478,0019,n/a,2.1917550563812256,0.9999074935913086
39627973724214080,10189,886,0019,n/a,2.1719651222229004,0.9999998807907104
39628514319663636,6012,3290,0019,n/a,2.4595515727996826,0.9869564771652222
39627979621401814,7832,4158,0019,n/a,2.1297531127929688,0.998157799243927
39627709923462281,1085,4578,0019,n/a,2.363940715789795,0.9785929918289185
39627669297434202,1842,1925,0019,n/a,2.366572856903076,0.9999935626983643
39627847832178335,1484,4883,0019,n/a,2.5156309604644775,0.9999721050262451
39627647101177757,8751,4935,0019,n/a,2.2630176544189453,0.8525252342224121
39627889909433232,11932,4600,0019,n/a,3.100627899169922,0.9983622431755066
39632951897489652,3479,4317,0019,n/a,2.369863510131836,0.9956722259521484
39627752269154302,2665,718,0019,n/a,2.4021565914154053,0.6447135806083679
39627568206315882,4303,4365,0019,n/a,2.2847814559936523,0.9575908780097961
39627932942993832,1118,2272,0020,n/a,2.5585007667541504,0.9999969005584717
39633043123604070,5110,1933,0020,n/a,3.3051066398620605,1.0
39628481146914747,2199,2682,0020,n/a,2.766270399093628,0.7199652194976807
39627755238726947,102053,2351,0020,n/a,2.2075963020324707,0.9999167919158936
39633040212757794,3322,4041,0020,n/a,2.238621234893799,0.9960685968399048
39632930535900033,11051,3971,0020,n/a,2.018958806991577,0.9969581365585327
39633170315872927,4522,3797,0020,n/a,2.2953104972839355,0.9995903372764587
39628197632936034,7081,1178,0020,n/a,2.092853546142578,0.9999986886978149
39627752214628725,121108,2908,0020,n/a,2.0631449222564697,0.9997931122779846
39627697579627504,4728,4874,0020,n/a,2.407468557357788,1.0
39627860058572442,3041,4428,0020,n/a,2.239279270172119,0.8452253341674805
39627823341634078,5648,450,0020,n/a,2.2089123725891113,0.9999370574951172
39627690608693343,8778,712,0020,n/a,2.4859228134155273,0.9999992847442627
39628041340590544,2975,1904,0020,n/a,2.626425266265869,0.9999998807907104
39633245125479992,1894,1516,0020,n/a,2.772193193435669,0.6807498931884766
39628069400479060,7210,3429,0020,n/a,2.610584020614624,0.6043498516082764
39627865645388624,7204,4058,0021,n/a,2.1469109058380127,0.9056047797203064
39633049415058644,11145,1066,0021,n/a,2.2306766510009766,0.999659538269043
39627684443062901,11925,4082,0021,n/a,2.3190488815307617,0.5508869290351868
39627636791575184,2836,4776,0021,n/a,2.014352321624756,0.5288453102111816
39627634035925741,2735,3012,0021,n/a,2.1832001209259033,0.989376425743103
39627622702910220,4804,3054,0021,n/a,2.319706916809082,0.9975080490112305
39628166846744794,9854,3879,0021,n/a,2.159461736679077,0.9999991655349731
39627764034178732,8943,3791,0021,n/a,2.319706916809082,0.9874047040939331
39627933643446787,4571,1026,0021,n/a,2.266307830810547,0.996246874332428
39628232168838194,10209,2651,0021,n/a,2.3474411964416504,0.5597670078277588
39627368557449743,1169,1672,0021,n/a,2.229360342025757,0.9999916553497314
39627757432341021,10849,4060,0021,n/a,2.6831624507904053,0.6554406881332397
39633029584391856,7648,264,0021,n/a,2.4826323986053467,0.9985998272895813
